<?xml version="1.0" encoding="UTF-8"?>
<!DOCTYPE hibernate-configuration PUBLIC
		"-//Hibernate/Hibernate Configuration DTD 3.0//EN"
		"http://hibernate.sourceforge.net/hibernate-configuration-3.0.dtd">
<hibernate-configuration>
	<session-factory>
		<property name="hibernate.connection.driver_class">com.mysql.jdbc.Driver</property>
		<property name="hibernate.connection.password">kl88soner</property>
		<property name="hibernate.connection.url">jdbc:mysql://localhost/bdAnuncios</property>
		<property name="hibernate.connection.username">root</property>
		<property name="hibernate.dialect">org.hibernate.dialect.MySQL5Dialect</property>
		<property name="hibernate.show_sql">true</property>
		
		<!-- <mapping resource="es/altair/.......hbm.xml"/> -->
		<mapping class="es.altair.bean.Usuario"/>
		<mapping class="es.altair.bean.Anuncio"/>
		
	</session-factory>
</hibernate-configuration>
